N,V_max,sigma_V
10,0.178666667,0.00057735
20,0.324,0.00057735
30,0.484666667,0.00057735
40,0.62,0.005773503
50,0.723333333,0.005773503
